rank,candidate_id,caller_symbol,source_module,source_file,source_line,callee_symbol,callsite_family,function_status,candidate_level_proof,ready_to_reopen_domain,source_patch_authorized,blocker_class
1,b6d128932004,MoveCamera,GAME,GAME/CAMERA.C,2350,GetRandomControl,spotcam-projectile-helper,source-with-calls,no,no,no,source-backed-callsite-needs-readiness-gate
2,b6d128932004,MoveCamera,GAME,GAME/CAMERA.C,2352,GetRandomControl,spotcam-projectile-helper,source-with-calls,no,no,no,source-backed-callsite-needs-readiness-gate
3,b6d128932004,MoveCamera,GAME,GAME/CAMERA.C,2354,GetRandomControl,spotcam-projectile-helper,source-with-calls,no,no,no,source-backed-callsite-needs-readiness-gate
4,b6d128932004,MoveCamera,GAME,GAME/CAMERA.C,2364,GetFloor,room-floor-helper,source-with-calls,no,no,no,source-backed-callsite-needs-readiness-gate
5,b6d128932004,MoveCamera,GAME,GAME/CAMERA.C,2365,GetHeight,room-floor-helper,source-with-calls,no,no,no,source-backed-callsite-needs-readiness-gate
6,b6d128932004,MoveCamera,GAME,GAME/CAMERA.C,2413,GetFloor,room-floor-helper,source-with-calls,no,no,no,source-backed-callsite-needs-readiness-gate
7,b6d128932004,MoveCamera,GAME,GAME/CAMERA.C,2414,GetHeight,room-floor-helper,source-with-calls,no,no,no,source-backed-callsite-needs-readiness-gate
8,b6d128932004,MoveCamera,GAME,GAME/CAMERA.C,2445,GetFloor,room-floor-helper,source-with-calls,no,no,no,source-backed-callsite-needs-readiness-gate
9,b6d128932004,MoveCamera,GAME,GAME/CAMERA.C,2475,phd_atan_asm,audio-camera-helper,source-with-calls,no,no,no,source-backed-callsite-needs-readiness-gate
10,b6d128932004,MoveCamera,GAME,GAME/CAMERA.C,2477,phd_atan_asm,audio-camera-helper,source-with-calls,no,no,no,source-backed-callsite-needs-readiness-gate
11,b6d128932004,TriggerLaraBlood,GAME,GAME/COLLIDE.C,87,GetRandomControl,spotcam-projectile-helper,source-with-calls,no,no,no,source-backed-callsite-needs-readiness-gate
12,b6d128932004,TriggerLaraBlood,GAME,GAME/COLLIDE.C,88,GetRandomControl,spotcam-projectile-helper,source-with-calls,no,no,no,source-backed-callsite-needs-readiness-gate
13,b6d128932004,TriggerLaraBlood,GAME,GAME/COLLIDE.C,89,GetRandomControl,spotcam-projectile-helper,source-with-calls,no,no,no,source-backed-callsite-needs-readiness-gate
14,b6d128932004,TriggerLaraBlood,GAME,GAME/COLLIDE.C,91,GetLaraJointPos,spotcam-projectile-helper,source-with-calls,no,no,no,source-backed-callsite-needs-readiness-gate
15,b6d128932004,TriggerLaraBlood,GAME,GAME/COLLIDE.C,92,DoBloodSplat,ambient-combat-effect-helper,source-with-calls,no,no,no,source-backed-callsite-needs-readiness-gate
16,b6d128932004,TriggerLaraBlood,GAME,GAME/COLLIDE.C,92,GetRandomControl,spotcam-projectile-helper,source-with-calls,no,no,no,source-backed-callsite-needs-readiness-gate
17,b6d128932004,TriggerLaraBlood,GAME,GAME/COLLIDE.C,92,GetRandomControl,spotcam-projectile-helper,source-with-calls,no,no,no,source-backed-callsite-needs-readiness-gate
18,b6d128932004,ShatterObject,GAME,GAME/DEBRIS.C,56,UNIMPLEMENTED,stub-marker,stub-unimplemented,no,no,no,source-backed-callsite-needs-readiness-gate
19,b6d128932004,TriggerDebris,GAME,GAME/DEBRIS.C,51,UNIMPLEMENTED,stub-marker,stub-unimplemented,no,no,no,source-backed-callsite-needs-readiness-gate
20,b6d128932004,CutLaraBubbles,GAME,GAME/DELTAPAK.C,662,GetLaraJointPos,spotcam-projectile-helper,source-with-calls,no,no,no,source-backed-callsite-needs-readiness-gate
21,b6d128932004,CutLaraBubbles,GAME,GAME/DELTAPAK.C,665,IsRoomOutside,room-floor-helper,source-with-calls,no,no,no,source-backed-callsite-needs-readiness-gate
22,b6d128932004,CutLaraBubbles,GAME,GAME/DELTAPAK.C,672,GetRandomControl,spotcam-projectile-helper,source-with-calls,no,no,no,source-backed-callsite-needs-readiness-gate
23,b6d128932004,CutLaraBubbles,GAME,GAME/DELTAPAK.C,673,GetRandomControl,spotcam-projectile-helper,source-with-calls,no,no,no,source-backed-callsite-needs-readiness-gate
24,b6d128932004,CutLaraBubbles,GAME,GAME/DELTAPAK.C,674,GetRandomControl,spotcam-projectile-helper,source-with-calls,no,no,no,source-backed-callsite-needs-readiness-gate
25,b6d128932004,CutLaraBubbles,GAME,GAME/DELTAPAK.C,675,CreateBubble,ambient-combat-effect-helper,source-with-calls,no,no,no,source-backed-callsite-needs-readiness-gate
26,b6d128932004,DelTorchFlames,GAME,GAME/DELTAPAK.C,2001,GetFreeSpark,runtime-effect-support,source-with-calls,no,no,no,source-backed-callsite-needs-readiness-gate
27,b6d128932004,DelTorchFlames,GAME,GAME/DELTAPAK.C,2005,GetRandomControl,spotcam-projectile-helper,source-with-calls,no,no,no,source-backed-callsite-needs-readiness-gate
28,b6d128932004,DelTorchFlames,GAME,GAME/DELTAPAK.C,2006,GetRandomControl,spotcam-projectile-helper,source-with-calls,no,no,no,source-backed-callsite-needs-readiness-gate
29,b6d128932004,DelTorchFlames,GAME,GAME/DELTAPAK.C,2008,GetRandomControl,spotcam-projectile-helper,source-with-calls,no,no,no,source-backed-callsite-needs-readiness-gate
30,b6d128932004,DelTorchFlames,GAME,GAME/DELTAPAK.C,2010,GetRandomControl,spotcam-projectile-helper,source-with-calls,no,no,no,source-backed-callsite-needs-readiness-gate
31,b6d128932004,DelTorchFlames,GAME,GAME/DELTAPAK.C,2012,GetRandomControl,spotcam-projectile-helper,source-with-calls,no,no,no,source-backed-callsite-needs-readiness-gate
32,b6d128932004,DelTorchFlames,GAME,GAME/DELTAPAK.C,2016,GetRandomControl,spotcam-projectile-helper,source-with-calls,no,no,no,source-backed-callsite-needs-readiness-gate
33,b6d128932004,DelTorchFlames,GAME,GAME/DELTAPAK.C,2017,GetRandomControl,spotcam-projectile-helper,source-with-calls,no,no,no,source-backed-callsite-needs-readiness-gate
34,b6d128932004,DelTorchFlames,GAME,GAME/DELTAPAK.C,2018,GetRandomControl,spotcam-projectile-helper,source-with-calls,no,no,no,source-backed-callsite-needs-readiness-gate
35,b6d128932004,DelTorchFlames,GAME,GAME/DELTAPAK.C,2020,GetRandomControl,spotcam-projectile-helper,source-with-calls,no,no,no,source-backed-callsite-needs-readiness-gate
36,b6d128932004,DelTorchFlames,GAME,GAME/DELTAPAK.C,2022,GetRandomControl,spotcam-projectile-helper,source-with-calls,no,no,no,source-backed-callsite-needs-readiness-gate
37,b6d128932004,DelTorchFlames,GAME,GAME/DELTAPAK.C,2023,GetRandomControl,spotcam-projectile-helper,source-with-calls,no,no,no,source-backed-callsite-needs-readiness-gate
38,b6d128932004,DelTorchFlames,GAME,GAME/DELTAPAK.C,2025,GetRandomControl,spotcam-projectile-helper,source-with-calls,no,no,no,source-backed-callsite-needs-readiness-gate
39,b6d128932004,DelTorchFlames,GAME,GAME/DELTAPAK.C,2026,GetRandomControl,spotcam-projectile-helper,source-with-calls,no,no,no,source-backed-callsite-needs-readiness-gate
40,b6d128932004,DelTorchFlames,GAME,GAME/DELTAPAK.C,2031,GetFreeSpark,runtime-effect-support,source-with-calls,no,no,no,source-backed-callsite-needs-readiness-gate
41,b6d128932004,DelTorchFlames,GAME,GAME/DELTAPAK.C,2033,GetRandomControl,spotcam-projectile-helper,source-with-calls,no,no,no,source-backed-callsite-needs-readiness-gate
42,b6d128932004,DelTorchFlames,GAME,GAME/DELTAPAK.C,2034,GetRandomControl,spotcam-projectile-helper,source-with-calls,no,no,no,source-backed-callsite-needs-readiness-gate
43,b6d128932004,DelTorchFlames,GAME,GAME/DELTAPAK.C,2035,GetRandomControl,spotcam-projectile-helper,source-with-calls,no,no,no,source-backed-callsite-needs-readiness-gate
44,b6d128932004,DelTorchFlames,GAME,GAME/DELTAPAK.C,2042,GetRandomControl,spotcam-projectile-helper,source-with-calls,no,no,no,source-backed-callsite-needs-readiness-gate
45,b6d128932004,DelTorchFlames,GAME,GAME/DELTAPAK.C,2043,GetRandomControl,spotcam-projectile-helper,source-with-calls,no,no,no,source-backed-callsite-needs-readiness-gate
46,b6d128932004,DelTorchFlames,GAME,GAME/DELTAPAK.C,2044,GetRandomControl,spotcam-projectile-helper,source-with-calls,no,no,no,source-backed-callsite-needs-readiness-gate
47,b6d128932004,DelTorchFlames,GAME,GAME/DELTAPAK.C,2049,GetRandomControl,spotcam-projectile-helper,source-with-calls,no,no,no,source-backed-callsite-needs-readiness-gate
48,b6d128932004,DelTorchFlames,GAME,GAME/DELTAPAK.C,2050,GetRandomControl,spotcam-projectile-helper,source-with-calls,no,no,no,source-backed-callsite-needs-readiness-gate
49,b6d128932004,DelTorchFlames,GAME,GAME/DELTAPAK.C,2054,GetRandomControl,spotcam-projectile-helper,source-with-calls,no,no,no,source-backed-callsite-needs-readiness-gate
50,b6d128932004,DelTorchFlames,GAME,GAME/DELTAPAK.C,2056,GetRandomControl,spotcam-projectile-helper,source-with-calls,no,no,no,source-backed-callsite-needs-readiness-gate
51,b6d128932004,DelTorchFlames,GAME,GAME/DELTAPAK.C,2057,GetRandomControl,spotcam-projectile-helper,source-with-calls,no,no,no,source-backed-callsite-needs-readiness-gate
52,b6d128932004,TriggerDelBrownSmoke,GAME,GAME/DELTAPAK.C,1065,GetFreeSpark,runtime-effect-support,source-with-calls,no,no,no,source-backed-callsite-needs-readiness-gate
53,b6d128932004,TriggerDelBrownSmoke,GAME,GAME/DELTAPAK.C,1076,GetRandomControl,spotcam-projectile-helper,source-with-calls,no,no,no,source-backed-callsite-needs-readiness-gate
54,b6d128932004,TriggerDelBrownSmoke,GAME,GAME/DELTAPAK.C,1077,GetRandomControl,spotcam-projectile-helper,source-with-calls,no,no,no,source-backed-callsite-needs-readiness-gate
55,b6d128932004,TriggerDelBrownSmoke,GAME,GAME/DELTAPAK.C,1078,GetRandomControl,spotcam-projectile-helper,source-with-calls,no,no,no,source-backed-callsite-needs-readiness-gate
56,b6d128932004,TriggerDelBrownSmoke,GAME,GAME/DELTAPAK.C,1079,GetRandomControl,spotcam-projectile-helper,source-with-calls,no,no,no,source-backed-callsite-needs-readiness-gate
57,b6d128932004,TriggerDelBrownSmoke,GAME,GAME/DELTAPAK.C,1080,GetRandomControl,spotcam-projectile-helper,source-with-calls,no,no,no,source-backed-callsite-needs-readiness-gate
58,b6d128932004,TriggerDelBrownSmoke,GAME,GAME/DELTAPAK.C,1081,GetRandomControl,spotcam-projectile-helper,source-with-calls,no,no,no,source-backed-callsite-needs-readiness-gate
59,b6d128932004,TriggerDelBrownSmoke,GAME,GAME/DELTAPAK.C,1084,GetRandomControl,spotcam-projectile-helper,source-with-calls,no,no,no,source-backed-callsite-needs-readiness-gate
60,b6d128932004,TriggerDelBrownSmoke,GAME,GAME/DELTAPAK.C,1085,GetRandomControl,spotcam-projectile-helper,source-with-calls,no,no,no,source-backed-callsite-needs-readiness-gate
61,b6d128932004,TriggerDelBrownSmoke,GAME,GAME/DELTAPAK.C,1087,GetRandomControl,spotcam-projectile-helper,source-with-calls,no,no,no,source-backed-callsite-needs-readiness-gate
62,b6d128932004,TriggerDelBrownSmoke,GAME,GAME/DELTAPAK.C,1088,GetRandomControl,spotcam-projectile-helper,source-with-calls,no,no,no,source-backed-callsite-needs-readiness-gate
63,b6d128932004,TriggerDelBrownSmoke,GAME,GAME/DELTAPAK.C,1089,GetRandomControl,spotcam-projectile-helper,source-with-calls,no,no,no,source-backed-callsite-needs-readiness-gate
64,b6d128932004,TriggerDelBrownSmoke,GAME,GAME/DELTAPAK.C,1090,GetRandomControl,spotcam-projectile-helper,source-with-calls,no,no,no,source-backed-callsite-needs-readiness-gate
65,b6d128932004,TriggerDelSmoke,GAME,GAME/DELTAPAK.C,2260,GetFreeSpark,runtime-effect-support,source-with-calls,no,no,no,source-backed-callsite-needs-readiness-gate
66,b6d128932004,TriggerDelSmoke,GAME,GAME/DELTAPAK.C,2271,GetRandomControl,spotcam-projectile-helper,source-with-calls,no,no,no,source-backed-callsite-needs-readiness-gate
67,b6d128932004,TriggerDelSmoke,GAME,GAME/DELTAPAK.C,2272,GetRandomControl,spotcam-projectile-helper,source-with-calls,no,no,no,source-backed-callsite-needs-readiness-gate
68,b6d128932004,TriggerDelSmoke,GAME,GAME/DELTAPAK.C,2273,GetRandomControl,spotcam-projectile-helper,source-with-calls,no,no,no,source-backed-callsite-needs-readiness-gate
69,b6d128932004,TriggerDelSmoke,GAME,GAME/DELTAPAK.C,2274,GetRandomControl,spotcam-projectile-helper,source-with-calls,no,no,no,source-backed-callsite-needs-readiness-gate
70,b6d128932004,TriggerDelSmoke,GAME,GAME/DELTAPAK.C,2275,GetRandomControl,spotcam-projectile-helper,source-with-calls,no,no,no,source-backed-callsite-needs-readiness-gate
71,b6d128932004,TriggerDelSmoke,GAME,GAME/DELTAPAK.C,2276,GetRandomControl,spotcam-projectile-helper,source-with-calls,no,no,no,source-backed-callsite-needs-readiness-gate
72,b6d128932004,TriggerDelSmoke,GAME,GAME/DELTAPAK.C,2279,GetRandomControl,spotcam-projectile-helper,source-with-calls,no,no,no,source-backed-callsite-needs-readiness-gate
73,b6d128932004,TriggerDelSmoke,GAME,GAME/DELTAPAK.C,2280,GetRandomControl,spotcam-projectile-helper,source-with-calls,no,no,no,source-backed-callsite-needs-readiness-gate
74,b6d128932004,TriggerDelSmoke,GAME,GAME/DELTAPAK.C,2282,GetRandomControl,spotcam-projectile-helper,source-with-calls,no,no,no,source-backed-callsite-needs-readiness-gate
75,b6d128932004,TriggerDelSmoke,GAME,GAME/DELTAPAK.C,2283,GetRandomControl,spotcam-projectile-helper,source-with-calls,no,no,no,source-backed-callsite-needs-readiness-gate
76,b6d128932004,TriggerDelSmoke,GAME,GAME/DELTAPAK.C,2284,GetRandomControl,spotcam-projectile-helper,source-with-calls,no,no,no,source-backed-callsite-needs-readiness-gate
77,b6d128932004,TriggerDelSmoke,GAME,GAME/DELTAPAK.C,2285,GetRandomControl,spotcam-projectile-helper,source-with-calls,no,no,no,source-backed-callsite-needs-readiness-gate
78,b6d128932004,andrea2_control,GAME,GAME/DELTAPAK.C,1893,UNIMPLEMENTED,stub-marker,stub-unimplemented,no,no,no,source-backed-callsite-needs-readiness-gate
79,b6d128932004,andy2_control,GAME,GAME/DELTAPAK.C,2080,GetActorJointAbsPosition,spotcam-projectile-helper,source-with-calls,no,no,no,source-backed-callsite-needs-readiness-gate
80,b6d128932004,andy2_control,GAME,GAME/DELTAPAK.C,2081,TriggerDynamic,ambient-combat-effect-helper,source-with-calls,no,no,no,source-backed-callsite-needs-readiness-gate
81,b6d128932004,andy2_control,GAME,GAME/DELTAPAK.C,2082,GetRandomControl,spotcam-projectile-helper,source-with-calls,no,no,no,source-backed-callsite-needs-readiness-gate
82,b6d128932004,andy2_control,GAME,GAME/DELTAPAK.C,2083,GetRandomControl,spotcam-projectile-helper,source-with-calls,no,no,no,source-backed-callsite-needs-readiness-gate
83,b6d128932004,andy2_control,GAME,GAME/DELTAPAK.C,2084,GetRandomControl,spotcam-projectile-helper,source-with-calls,no,no,no,source-backed-callsite-needs-readiness-gate
84,b6d128932004,andy2_control,GAME,GAME/DELTAPAK.C,2085,DelTorchFlames,ambient-combat-effect-helper,source-with-calls,no,no,no,source-backed-callsite-needs-readiness-gate
85,b6d128932004,andy2_control,GAME,GAME/DELTAPAK.C,2087,handle_lara_chatting,conversation-helper,source-with-calls,no,no,no,source-backed-callsite-needs-readiness-gate
86,b6d128932004,andy2_control,GAME,GAME/DELTAPAK.C,2088,handle_actor_chatting,conversation-helper,source-with-calls,no,no,no,source-backed-callsite-needs-readiness-gate
87,b6d128932004,andy5_control,GAME,GAME/DELTAPAK.C,1475,GetActorJointAbsPosition,spotcam-projectile-helper,source-with-calls,no,no,no,source-backed-callsite-needs-readiness-gate
88,b6d128932004,andy5_control,GAME,GAME/DELTAPAK.C,1476,GetRandomControl,spotcam-projectile-helper,source-with-calls,no,no,no,source-backed-callsite-needs-readiness-gate
89,b6d128932004,andy5_control,GAME,GAME/DELTAPAK.C,1480,GetRandomControl,spotcam-projectile-helper,source-with-calls,no,no,no,source-backed-callsite-needs-readiness-gate
90,b6d128932004,andy5_control,GAME,GAME/DELTAPAK.C,1483,TriggerDynamic,ambient-combat-effect-helper,source-with-calls,no,no,no,source-backed-callsite-needs-readiness-gate
91,b6d128932004,andy5_control,GAME,GAME/DELTAPAK.C,1483,GetRandomControl,spotcam-projectile-helper,source-with-calls,no,no,no,source-backed-callsite-needs-readiness-gate
92,b6d128932004,andy5_control,GAME,GAME/DELTAPAK.C,1483,GetRandomControl,spotcam-projectile-helper,source-with-calls,no,no,no,source-backed-callsite-needs-readiness-gate
93,b6d128932004,andy6_control,GAME,GAME/DELTAPAK.C,1234,GetActorJointAbsPosition,spotcam-projectile-helper,source-with-calls,no,no,no,source-backed-callsite-needs-readiness-gate
94,b6d128932004,andy6_control,GAME,GAME/DELTAPAK.C,1235,TriggerDynamic,ambient-combat-effect-helper,source-with-calls,no,no,no,source-backed-callsite-needs-readiness-gate
95,b6d128932004,andy6_control,GAME,GAME/DELTAPAK.C,1236,GetRandomControl,spotcam-projectile-helper,source-with-calls,no,no,no,source-backed-callsite-needs-readiness-gate
96,b6d128932004,andy6_control,GAME,GAME/DELTAPAK.C,1237,GetRandomControl,spotcam-projectile-helper,source-with-calls,no,no,no,source-backed-callsite-needs-readiness-gate
97,b6d128932004,andy6_control,GAME,GAME/DELTAPAK.C,1238,GetRandomControl,spotcam-projectile-helper,source-with-calls,no,no,no,source-backed-callsite-needs-readiness-gate
98,b6d128932004,andy6_control,GAME,GAME/DELTAPAK.C,1239,DelTorchFlames,ambient-combat-effect-helper,source-with-calls,no,no,no,source-backed-callsite-needs-readiness-gate
99,b6d128932004,andy6_control,GAME,GAME/DELTAPAK.C,1240,handle_lara_chatting,conversation-helper,source-with-calls,no,no,no,source-backed-callsite-needs-readiness-gate
100,b6d128932004,andy6_control,GAME,GAME/DELTAPAK.C,1241,handle_actor_chatting,conversation-helper,source-with-calls,no,no,no,source-backed-callsite-needs-readiness-gate
101,b6d128932004,handle_actor_chatting,GAME,GAME/DELTAPAK.C,2979,GetRandomControl,spotcam-projectile-helper,source-with-calls,no,no,no,source-backed-callsite-needs-readiness-gate
102,b6d128932004,handle_actor_chatting,GAME,GAME/DELTAPAK.C,3003,GetRandomControl,spotcam-projectile-helper,source-with-calls,no,no,no,source-backed-callsite-needs-readiness-gate
103,b6d128932004,handle_lara_chatting,GAME,GAME/DELTAPAK.C,3038,GetRandomControl,spotcam-projectile-helper,source-with-calls,no,no,no,source-backed-callsite-needs-readiness-gate
104,b6d128932004,joby8_control,GAME,GAME/DELTAPAK.C,1285,GetHeight,room-floor-helper,source-with-calls,no,no,no,source-backed-callsite-needs-readiness-gate
105,b6d128932004,joby8_control,GAME,GAME/DELTAPAK.C,1285,GetFloor,room-floor-helper,source-with-calls,no,no,no,source-backed-callsite-needs-readiness-gate
106,b6d128932004,joby8_control,GAME,GAME/DELTAPAK.C,1286,TestTriggers,trap-effect-helper,source-with-calls,no,no,no,source-backed-callsite-needs-readiness-gate
107,b6d128932004,joby8_control,GAME,GAME/DELTAPAK.C,1292,GetRandomControl,spotcam-projectile-helper,source-with-calls,no,no,no,source-backed-callsite-needs-readiness-gate
108,b6d128932004,joby8_control,GAME,GAME/DELTAPAK.C,1293,GetRandomControl,spotcam-projectile-helper,source-with-calls,no,no,no,source-backed-callsite-needs-readiness-gate
109,b6d128932004,joby8_control,GAME,GAME/DELTAPAK.C,1294,GetRandomControl,spotcam-projectile-helper,source-with-calls,no,no,no,source-backed-callsite-needs-readiness-gate
110,b6d128932004,joby8_control,GAME,GAME/DELTAPAK.C,1307,GetActorJointAbsPosition,spotcam-projectile-helper,source-with-calls,no,no,no,source-backed-callsite-needs-readiness-gate
111,b6d128932004,joby8_control,GAME,GAME/DELTAPAK.C,1307,GetRandomControl,spotcam-projectile-helper,source-with-calls,no,no,no,source-backed-callsite-needs-readiness-gate
112,b6d128932004,joby8_control,GAME,GAME/DELTAPAK.C,1309,GetFreeSpark,runtime-effect-support,source-with-calls,no,no,no,source-backed-callsite-needs-readiness-gate
113,b6d128932004,joby8_control,GAME,GAME/DELTAPAK.C,1317,GetRandomControl,spotcam-projectile-helper,source-with-calls,no,no,no,source-backed-callsite-needs-readiness-gate
114,b6d128932004,joby8_control,GAME,GAME/DELTAPAK.C,1333,GetRandomControl,spotcam-projectile-helper,source-with-calls,no,no,no,source-backed-callsite-needs-readiness-gate
115,b6d128932004,joby8_control,GAME,GAME/DELTAPAK.C,1334,GetRandomControl,spotcam-projectile-helper,source-with-calls,no,no,no,source-backed-callsite-needs-readiness-gate
116,b6d128932004,joby8_control,GAME,GAME/DELTAPAK.C,1335,GetRandomControl,spotcam-projectile-helper,source-with-calls,no,no,no,source-backed-callsite-needs-readiness-gate
117,b6d128932004,joby8_control,GAME,GAME/DELTAPAK.C,1343,TriggerFireFlame,ambient-combat-effect-helper,source-with-calls,no,no,no,source-backed-callsite-needs-readiness-gate
118,b6d128932004,joby8_control,GAME,GAME/DELTAPAK.C,1346,GetRandomControl,spotcam-projectile-helper,source-with-calls,no,no,no,source-backed-callsite-needs-readiness-gate
119,b6d128932004,joby8_control,GAME,GAME/DELTAPAK.C,1348,GetRandomControl,spotcam-projectile-helper,source-with-calls,no,no,no,source-backed-callsite-needs-readiness-gate
120,b6d128932004,joby8_control,GAME,GAME/DELTAPAK.C,1350,TriggerLightning,ambient-combat-effect-helper,source-with-calls,no,no,no,source-backed-callsite-needs-readiness-gate
121,b6d128932004,joby8_control,GAME,GAME/DELTAPAK.C,1350,GetRandomControl,spotcam-projectile-helper,source-with-calls,no,no,no,source-backed-callsite-needs-readiness-gate
122,b6d128932004,joby8_control,GAME,GAME/DELTAPAK.C,1351,TriggerDynamic,ambient-combat-effect-helper,source-with-calls,no,no,no,source-backed-callsite-needs-readiness-gate
123,b6d128932004,joby8_control,GAME,GAME/DELTAPAK.C,1351,GetRandomControl,spotcam-projectile-helper,source-with-calls,no,no,no,source-backed-callsite-needs-readiness-gate
124,b6d128932004,joby8_control,GAME,GAME/DELTAPAK.C,1364,GetLaraJointPos,spotcam-projectile-helper,source-with-calls,no,no,no,source-backed-callsite-needs-readiness-gate
125,b6d128932004,joby8_control,GAME,GAME/DELTAPAK.C,1368,GetRandomControl,spotcam-projectile-helper,source-with-calls,no,no,no,source-backed-callsite-needs-readiness-gate
126,b6d128932004,joby8_control,GAME,GAME/DELTAPAK.C,1369,GetRandomControl,spotcam-projectile-helper,source-with-calls,no,no,no,source-backed-callsite-needs-readiness-gate
127,b6d128932004,joby8_control,GAME,GAME/DELTAPAK.C,1370,GetRandomControl,spotcam-projectile-helper,source-with-calls,no,no,no,source-backed-callsite-needs-readiness-gate
128,b6d128932004,joby8_control,GAME,GAME/DELTAPAK.C,1372,GetRandomControl,spotcam-projectile-helper,source-with-calls,no,no,no,source-backed-callsite-needs-readiness-gate
129,b6d128932004,joby8_control,GAME,GAME/DELTAPAK.C,1373,TriggerDynamic,ambient-combat-effect-helper,source-with-calls,no,no,no,source-backed-callsite-needs-readiness-gate
130,b6d128932004,joby8_control,GAME,GAME/DELTAPAK.C,1375,TriggerDynamic,ambient-combat-effect-helper,source-with-calls,no,no,no,source-backed-callsite-needs-readiness-gate
131,b6d128932004,joby8_control,GAME,GAME/DELTAPAK.C,1378,handle_lara_chatting,conversation-helper,source-with-calls,no,no,no,source-backed-callsite-needs-readiness-gate
132,b6d128932004,joby8_control,GAME,GAME/DELTAPAK.C,1379,handle_actor_chatting,conversation-helper,source-with-calls,no,no,no,source-backed-callsite-needs-readiness-gate
133,b6d128932004,monk2_control,GAME,GAME/DELTAPAK.C,769,GetActorJointAbsPosition,spotcam-projectile-helper,source-with-calls,no,no,no,source-backed-callsite-needs-readiness-gate
134,b6d128932004,monk2_control,GAME,GAME/DELTAPAK.C,771,TriggerDynamic,ambient-combat-effect-helper,source-with-calls,no,no,no,source-backed-callsite-needs-readiness-gate
135,b6d128932004,monk2_control,GAME,GAME/DELTAPAK.C,772,GetRandomControl,spotcam-projectile-helper,source-with-calls,no,no,no,source-backed-callsite-needs-readiness-gate
136,b6d128932004,monk2_control,GAME,GAME/DELTAPAK.C,772,GetRandomControl,spotcam-projectile-helper,source-with-calls,no,no,no,source-backed-callsite-needs-readiness-gate
137,b6d128932004,monk2_control,GAME,GAME/DELTAPAK.C,772,GetRandomControl,spotcam-projectile-helper,source-with-calls,no,no,no,source-backed-callsite-needs-readiness-gate
138,b6d128932004,trigger_weapon_dynamics,GAME,GAME/DELTAPAK.C,3403,GetRandomControl,spotcam-projectile-helper,source-with-calls,no,no,no,source-backed-callsite-needs-readiness-gate
139,b6d128932004,trigger_weapon_dynamics,GAME,GAME/DELTAPAK.C,3404,GetRandomControl,spotcam-projectile-helper,source-with-calls,no,no,no,source-backed-callsite-needs-readiness-gate
140,b6d128932004,trigger_weapon_dynamics,GAME,GAME/DELTAPAK.C,3405,GetRandomControl,spotcam-projectile-helper,source-with-calls,no,no,no,source-backed-callsite-needs-readiness-gate
141,b6d128932004,trigger_weapon_dynamics,GAME,GAME/DELTAPAK.C,3406,GetLaraJointPos,spotcam-projectile-helper,source-with-calls,no,no,no,source-backed-callsite-needs-readiness-gate
142,b6d128932004,trigger_weapon_dynamics,GAME,GAME/DELTAPAK.C,3407,GetRandomControl,spotcam-projectile-helper,source-with-calls,no,no,no,source-backed-callsite-needs-readiness-gate
143,b6d128932004,trigger_weapon_dynamics,GAME,GAME/DELTAPAK.C,3408,GetRandomControl,spotcam-projectile-helper,source-with-calls,no,no,no,source-backed-callsite-needs-readiness-gate
144,b6d128932004,trigger_weapon_dynamics,GAME,GAME/DELTAPAK.C,3409,GetRandomControl,spotcam-projectile-helper,source-with-calls,no,no,no,source-backed-callsite-needs-readiness-gate
145,b6d128932004,trigger_weapon_dynamics,GAME,GAME/DELTAPAK.C,3410,TriggerDynamic,ambient-combat-effect-helper,source-with-calls,no,no,no,source-backed-callsite-needs-readiness-gate
146,b6d128932004,ControlEnemyMissile,GAME,GAME/EFFECT2.C,48,UNIMPLEMENTED,stub-marker,stub-unimplemented,no,no,no,source-backed-callsite-needs-readiness-gate
147,b6d128932004,ControlSmokeEmitter,GAME,GAME/EFFECT2.C,53,UNIMPLEMENTED,stub-marker,stub-unimplemented,no,no,no,source-backed-callsite-needs-readiness-gate
148,b6d128932004,TriggerDartSmoke,GAME,GAME/EFFECT2.C,68,UNIMPLEMENTED,stub-marker,stub-unimplemented,no,no,no,source-backed-callsite-needs-readiness-gate
149,b6d128932004,TriggerGunSmoke,GAME,GAME/EFFECT2.C,198,GetRandomControl,spotcam-projectile-helper,source-with-calls,no,no,no,source-backed-callsite-needs-readiness-gate
150,b6d128932004,TriggerGunSmoke,GAME,GAME/EFFECT2.C,204,GetRandomControl,spotcam-projectile-helper,source-with-calls,no,no,no,source-backed-callsite-needs-readiness-gate
151,b6d128932004,TriggerGunSmoke,GAME,GAME/EFFECT2.C,205,GetRandomControl,spotcam-projectile-helper,source-with-calls,no,no,no,source-backed-callsite-needs-readiness-gate
152,b6d128932004,TriggerGunSmoke,GAME,GAME/EFFECT2.C,206,GetRandomControl,spotcam-projectile-helper,source-with-calls,no,no,no,source-backed-callsite-needs-readiness-gate
153,b6d128932004,TriggerGunSmoke,GAME,GAME/EFFECT2.C,209,GetRandomControl,spotcam-projectile-helper,source-with-calls,no,no,no,source-backed-callsite-needs-readiness-gate
154,b6d128932004,TriggerGunSmoke,GAME,GAME/EFFECT2.C,210,GetRandomControl,spotcam-projectile-helper,source-with-calls,no,no,no,source-backed-callsite-needs-readiness-gate
155,b6d128932004,TriggerGunSmoke,GAME,GAME/EFFECT2.C,211,GetRandomControl,spotcam-projectile-helper,source-with-calls,no,no,no,source-backed-callsite-needs-readiness-gate
156,b6d128932004,TriggerGunSmoke,GAME,GAME/EFFECT2.C,215,GetRandomControl,spotcam-projectile-helper,source-with-calls,no,no,no,source-backed-callsite-needs-readiness-gate
157,b6d128932004,TriggerGunSmoke,GAME,GAME/EFFECT2.C,216,GetRandomControl,spotcam-projectile-helper,source-with-calls,no,no,no,source-backed-callsite-needs-readiness-gate
158,b6d128932004,TriggerGunSmoke,GAME,GAME/EFFECT2.C,217,GetRandomControl,spotcam-projectile-helper,source-with-calls,no,no,no,source-backed-callsite-needs-readiness-gate
159,b6d128932004,TriggerGunSmoke,GAME,GAME/EFFECT2.C,220,GetRandomControl,spotcam-projectile-helper,source-with-calls,no,no,no,source-backed-callsite-needs-readiness-gate
160,b6d128932004,TriggerGunSmoke,GAME,GAME/EFFECT2.C,226,GetRandomControl,spotcam-projectile-helper,source-with-calls,no,no,no,source-backed-callsite-needs-readiness-gate
161,b6d128932004,TriggerGunSmoke,GAME,GAME/EFFECT2.C,227,GetRandomControl,spotcam-projectile-helper,source-with-calls,no,no,no,source-backed-callsite-needs-readiness-gate
162,b6d128932004,TriggerGunSmoke,GAME,GAME/EFFECT2.C,228,GetRandomControl,spotcam-projectile-helper,source-with-calls,no,no,no,source-backed-callsite-needs-readiness-gate
163,b6d128932004,TriggerGunSmoke,GAME,GAME/EFFECT2.C,230,GetRandomControl,spotcam-projectile-helper,source-with-calls,no,no,no,source-backed-callsite-needs-readiness-gate
164,b6d128932004,TriggerGunSmoke,GAME,GAME/EFFECT2.C,240,GetRandomControl,spotcam-projectile-helper,source-with-calls,no,no,no,source-backed-callsite-needs-readiness-gate
165,b6d128932004,TriggerGunSmoke,GAME,GAME/EFFECT2.C,241,GetRandomControl,spotcam-projectile-helper,source-with-calls,no,no,no,source-backed-callsite-needs-readiness-gate
166,b6d128932004,TriggerGunSmoke,GAME,GAME/EFFECT2.C,242,GetRandomControl,spotcam-projectile-helper,source-with-calls,no,no,no,source-backed-callsite-needs-readiness-gate
167,b6d128932004,TriggerSuperJetFlame,GAME,GAME/EFFECT2.C,83,GetRandomControl,spotcam-projectile-helper,source-with-calls,no,no,no,source-backed-callsite-needs-readiness-gate
168,b6d128932004,TriggerSuperJetFlame,GAME,GAME/EFFECT2.C,84,GetFreeSpark,runtime-effect-support,source-with-calls,no,no,no,source-backed-callsite-needs-readiness-gate
169,b6d128932004,TriggerSuperJetFlame,GAME,GAME/EFFECT2.C,91,GetRandomControl,spotcam-projectile-helper,source-with-calls,no,no,no,source-backed-callsite-needs-readiness-gate
170,b6d128932004,TriggerSuperJetFlame,GAME,GAME/EFFECT2.C,92,GetRandomControl,spotcam-projectile-helper,source-with-calls,no,no,no,source-backed-callsite-needs-readiness-gate
171,b6d128932004,TriggerSuperJetFlame,GAME,GAME/EFFECT2.C,94,GetRandomControl,spotcam-projectile-helper,source-with-calls,no,no,no,source-backed-callsite-needs-readiness-gate
172,b6d128932004,TriggerSuperJetFlame,GAME,GAME/EFFECT2.C,95,GetRandomControl,spotcam-projectile-helper,source-with-calls,no,no,no,source-backed-callsite-needs-readiness-gate
173,b6d128932004,TriggerSuperJetFlame,GAME,GAME/EFFECT2.C,103,GetRandomControl,spotcam-projectile-helper,source-with-calls,no,no,no,source-backed-callsite-needs-readiness-gate
174,b6d128932004,TriggerSuperJetFlame,GAME,GAME/EFFECT2.C,105,GetRandomControl,spotcam-projectile-helper,source-with-calls,no,no,no,source-backed-callsite-needs-readiness-gate
175,b6d128932004,TriggerSuperJetFlame,GAME,GAME/EFFECT2.C,106,GetRandomControl,spotcam-projectile-helper,source-with-calls,no,no,no,source-backed-callsite-needs-readiness-gate
176,b6d128932004,TriggerSuperJetFlame,GAME,GAME/EFFECT2.C,107,GetRandomControl,spotcam-projectile-helper,source-with-calls,no,no,no,source-backed-callsite-needs-readiness-gate
177,b6d128932004,TriggerSuperJetFlame,GAME,GAME/EFFECT2.C,117,GetRandomControl,spotcam-projectile-helper,source-with-calls,no,no,no,source-backed-callsite-needs-readiness-gate
178,b6d128932004,TriggerSuperJetFlame,GAME,GAME/EFFECT2.C,122,GetRandomControl,spotcam-projectile-helper,source-with-calls,no,no,no,source-backed-callsite-needs-readiness-gate
179,b6d128932004,TriggerSuperJetFlame,GAME,GAME/EFFECT2.C,123,GetRandomControl,spotcam-projectile-helper,source-with-calls,no,no,no,source-backed-callsite-needs-readiness-gate
180,b6d128932004,TriggerSuperJetFlame,GAME,GAME/EFFECT2.C,125,GetRandomControl,spotcam-projectile-helper,source-with-calls,no,no,no,source-backed-callsite-needs-readiness-gate
181,b6d128932004,TriggerSuperJetFlame,GAME,GAME/EFFECT2.C,131,GetRandomControl,spotcam-projectile-helper,source-with-calls,no,no,no,source-backed-callsite-needs-readiness-gate
182,b6d128932004,TriggerSuperJetFlame,GAME,GAME/EFFECT2.C,132,GetRandomControl,spotcam-projectile-helper,source-with-calls,no,no,no,source-backed-callsite-needs-readiness-gate
183,b6d128932004,TriggerSuperJetFlame,GAME,GAME/EFFECT2.C,133,GetRandomControl,spotcam-projectile-helper,source-with-calls,no,no,no,source-backed-callsite-needs-readiness-gate
184,b6d128932004,TriggerSuperJetFlame,GAME,GAME/EFFECT2.C,134,GetRandomControl,spotcam-projectile-helper,source-with-calls,no,no,no,source-backed-callsite-needs-readiness-gate
185,b6d128932004,TriggerWaterfallMist,GAME,GAME/EFFECT2.C,73,UNIMPLEMENTED,stub-marker,stub-unimplemented,no,no,no,source-backed-callsite-needs-readiness-gate
186,b6d128932004,DoFlameTorch,GAME,GAME/FLMTORCH.C,56,UNIMPLEMENTED,stub-marker,stub-unimplemented,no,no,no,source-backed-callsite-needs-readiness-gate
187,b6d128932004,FlameTorchControl,GAME,GAME/FLMTORCH.C,32,UNIMPLEMENTED,stub-marker,stub-unimplemented,no,no,no,source-backed-callsite-needs-readiness-gate
188,b6d128932004,TriggerTorchFlame,GAME,GAME/FLMTORCH.C,66,GetFreeSpark,runtime-effect-support,source-with-calls,no,no,no,source-backed-callsite-needs-readiness-gate
189,b6d128932004,TriggerTorchFlame,GAME,GAME/FLMTORCH.C,72,GetRandomControl,spotcam-projectile-helper,source-with-calls,no,no,no,source-backed-callsite-needs-readiness-gate
190,b6d128932004,TriggerTorchFlame,GAME,GAME/FLMTORCH.C,75,GetRandomControl,spotcam-projectile-helper,source-with-calls,no,no,no,source-backed-callsite-needs-readiness-gate
191,b6d128932004,TriggerTorchFlame,GAME,GAME/FLMTORCH.C,76,GetRandomControl,spotcam-projectile-helper,source-with-calls,no,no,no,source-backed-callsite-needs-readiness-gate
192,b6d128932004,TriggerTorchFlame,GAME,GAME/FLMTORCH.C,80,GetRandomControl,spotcam-projectile-helper,source-with-calls,no,no,no,source-backed-callsite-needs-readiness-gate
193,b6d128932004,TriggerTorchFlame,GAME,GAME/FLMTORCH.C,84,GetRandomControl,spotcam-projectile-helper,source-with-calls,no,no,no,source-backed-callsite-needs-readiness-gate
194,b6d128932004,TriggerTorchFlame,GAME,GAME/FLMTORCH.C,87,GetRandomControl,spotcam-projectile-helper,source-with-calls,no,no,no,source-backed-callsite-needs-readiness-gate
195,b6d128932004,TriggerTorchFlame,GAME,GAME/FLMTORCH.C,88,GetRandomControl,spotcam-projectile-helper,source-with-calls,no,no,no,source-backed-callsite-needs-readiness-gate
196,b6d128932004,TriggerTorchFlame,GAME,GAME/FLMTORCH.C,90,GetRandomControl,spotcam-projectile-helper,source-with-calls,no,no,no,source-backed-callsite-needs-readiness-gate
197,b6d128932004,TriggerTorchFlame,GAME,GAME/FLMTORCH.C,91,GetRandomControl,spotcam-projectile-helper,source-with-calls,no,no,no,source-backed-callsite-needs-readiness-gate
198,b6d128932004,TriggerTorchFlame,GAME,GAME/FLMTORCH.C,92,GetRandomControl,spotcam-projectile-helper,source-with-calls,no,no,no,source-backed-callsite-needs-readiness-gate
199,b6d128932004,TriggerTorchFlame,GAME,GAME/FLMTORCH.C,97,GetRandomControl,spotcam-projectile-helper,source-with-calls,no,no,no,source-backed-callsite-needs-readiness-gate
200,b6d128932004,TriggerTorchFlame,GAME,GAME/FLMTORCH.C,99,GetRandomControl,spotcam-projectile-helper,source-with-calls,no,no,no,source-backed-callsite-needs-readiness-gate
201,b6d128932004,TriggerTorchFlame,GAME,GAME/FLMTORCH.C,100,GetRandomControl,spotcam-projectile-helper,source-with-calls,no,no,no,source-backed-callsite-needs-readiness-gate
202,b6d128932004,TriggerTorchFlame,GAME,GAME/FLMTORCH.C,102,GetRandomControl,spotcam-projectile-helper,source-with-calls,no,no,no,source-backed-callsite-needs-readiness-gate
203,b6d128932004,TriggerTorchFlame,GAME,GAME/FLMTORCH.C,104,GetRandomControl,spotcam-projectile-helper,source-with-calls,no,no,no,source-backed-callsite-needs-readiness-gate
204,b6d128932004,TriggerTorchFlame,GAME,GAME/FLMTORCH.C,106,GetRandomControl,spotcam-projectile-helper,source-with-calls,no,no,no,source-backed-callsite-needs-readiness-gate
205,b6d128932004,TriggerTorchFlame,GAME,GAME/FLMTORCH.C,110,GetRandomControl,spotcam-projectile-helper,source-with-calls,no,no,no,source-backed-callsite-needs-readiness-gate
206,b6d128932004,GetTighRopeFallOff,GAME,GAME/LARA.C,545,GetRandomControl,spotcam-projectile-helper,source-with-calls,no,no,no,source-backed-callsite-needs-readiness-gate
207,b6d128932004,GetTighRopeFallOff,GAME,GAME/LARA.C,546,GetRandomControl,spotcam-projectile-helper,source-with-calls,no,no,no,source-backed-callsite-needs-readiness-gate
208,b6d128932004,lara_as_trfall,GAME,GAME/LARA.C,396,GetLaraJointPos,spotcam-projectile-helper,source-with-calls,no,no,no,source-backed-callsite-needs-readiness-gate
209,b6d128932004,lara_as_trfall,GAME,GAME/LARA.C,456,GetRandomControl,spotcam-projectile-helper,source-with-calls,no,no,no,source-backed-callsite-needs-readiness-gate
210,b6d128932004,lara_as_trpose,GAME,GAME/LARA.C,510,GetRandomControl,spotcam-projectile-helper,source-with-calls,no,no,no,source-backed-callsite-needs-readiness-gate
211,b6d128932004,FireShotgun,GAME,GAME/LARA1GUN.C,369,GetRandomControl,spotcam-projectile-helper,source-with-calls,no,no,no,source-backed-callsite-needs-readiness-gate
212,b6d128932004,FireShotgun,GAME,GAME/LARA1GUN.C,378,GetRandomControl,spotcam-projectile-helper,source-with-calls,no,no,no,source-backed-callsite-needs-readiness-gate
213,b6d128932004,FireShotgun,GAME,GAME/LARA1GUN.C,387,FireWeapon,ambient-combat-effect-helper,source-with-calls,no,no,no,source-backed-callsite-needs-readiness-gate
214,b6d128932004,FireShotgun,GAME,GAME/LARA1GUN.C,400,GetLaraJointPos,spotcam-projectile-helper,source-with-calls,no,no,no,source-backed-callsite-needs-readiness-gate
215,b6d128932004,FireShotgun,GAME,GAME/LARA1GUN.C,410,GetLaraJointPos,spotcam-projectile-helper,source-with-calls,no,no,no,source-backed-callsite-needs-readiness-gate
216,b6d128932004,FireShotgun,GAME,GAME/LARA1GUN.C,421,TriggerGunSmoke,ambient-combat-effect-helper,source-with-calls,no,no,no,source-backed-callsite-needs-readiness-gate
217,b6d128932004,FireShotgun,GAME,GAME/LARA1GUN.C,426,SoundEffect,runtime-effect-support,source-with-calls,no,no,no,source-backed-callsite-needs-readiness-gate
218,b6d128932004,FireShotgun,GAME,GAME/LARA1GUN.C,427,SoundEffect,runtime-effect-support,source-with-calls,no,no,no,source-backed-callsite-needs-readiness-gate
219,b6d128932004,FireShotgun,GAME,GAME/LARA1GUN.C,429,SetupPadVibration,runtime-effect-support,source-with-calls,no,no,no,source-backed-callsite-needs-readiness-gate
220,b6d128932004,FireWeapon,GAME,GAME/LARAFIRE.C,187,UNIMPLEMENTED,stub-marker,stub-unimplemented,no,no,no,source-backed-callsite-needs-readiness-gate
221,b6d128932004,HitTarget,GAME,GAME/LARAFIRE.C,158,DoBloodSplat,ambient-combat-effect-helper,source-with-calls,no,no,no,source-backed-callsite-needs-readiness-gate
222,b6d128932004,HitTarget,GAME,GAME/LARAFIRE.C,158,GetRandomControl,spotcam-projectile-helper,source-with-calls,no,no,no,source-backed-callsite-needs-readiness-gate
223,b6d128932004,HitTarget,GAME,GAME/LARAFIRE.C,168,SoundEffect,runtime-effect-support,source-with-calls,no,no,no,source-backed-callsite-needs-readiness-gate
224,b6d128932004,DoFlareLight,GAME,GAME/LARAFLAR.C,184,GetRandomControl,spotcam-projectile-helper,source-with-calls,no,no,no,source-backed-callsite-needs-readiness-gate
225,b6d128932004,DoFlareLight,GAME,GAME/LARAFLAR.C,198,TriggerDynamic,ambient-combat-effect-helper,source-with-calls,no,no,no,source-backed-callsite-needs-readiness-gate
226,b6d128932004,DoFlareLight,GAME,GAME/LARAFLAR.C,209,TriggerDynamic,ambient-combat-effect-helper,source-with-calls,no,no,no,source-backed-callsite-needs-readiness-gate
227,b6d128932004,DoFlareLight,GAME,GAME/LARAFLAR.C,220,TriggerDynamic,ambient-combat-effect-helper,source-with-calls,no,no,no,source-backed-callsite-needs-readiness-gate
228,b6d128932004,DoFlareLight,GAME,GAME/LARAFLAR.C,227,GetRandomControl,spotcam-projectile-helper,source-with-calls,no,no,no,source-backed-callsite-needs-readiness-gate
229,b6d128932004,DoFlareLight,GAME,GAME/LARAFLAR.C,228,GetRandomControl,spotcam-projectile-helper,source-with-calls,no,no,no,source-backed-callsite-needs-readiness-gate
230,b6d128932004,DoFlareLight,GAME,GAME/LARAFLAR.C,229,GetRandomControl,spotcam-projectile-helper,source-with-calls,no,no,no,source-backed-callsite-needs-readiness-gate
231,b6d128932004,DoFlareLight,GAME,GAME/LARAFLAR.C,231,TriggerDynamic,ambient-combat-effect-helper,source-with-calls,no,no,no,source-backed-callsite-needs-readiness-gate
232,b6d128932004,DoFlareLight,GAME,GAME/LARAFLAR.C,236,GetRandomControl,spotcam-projectile-helper,source-with-calls,no,no,no,source-backed-callsite-needs-readiness-gate
233,b6d128932004,DoFlareLight,GAME,GAME/LARAFLAR.C,238,GetRandomControl,spotcam-projectile-helper,source-with-calls,no,no,no,source-backed-callsite-needs-readiness-gate
234,b6d128932004,DoFlareLight,GAME,GAME/LARAFLAR.C,239,GetRandomControl,spotcam-projectile-helper,source-with-calls,no,no,no,source-backed-callsite-needs-readiness-gate
235,b6d128932004,DoFlareLight,GAME,GAME/LARAFLAR.C,240,GetRandomControl,spotcam-projectile-helper,source-with-calls,no,no,no,source-backed-callsite-needs-readiness-gate
236,b6d128932004,DoFlareLight,GAME,GAME/LARAFLAR.C,242,TriggerDynamic,ambient-combat-effect-helper,source-with-calls,no,no,no,source-backed-callsite-needs-readiness-gate
237,b6d128932004,LaraSwimCollision,GAME,GAME/LARASWIM.C,1047,SoundEffect,runtime-effect-support,source-with-calls,no,no,no,source-backed-callsite-needs-readiness-gate
238,b6d128932004,LaraSwimCollision,GAME,GAME/LARASWIM.C,1047,GetRandomControl,spotcam-projectile-helper,source-with-calls,no,no,no,source-backed-callsite-needs-readiness-gate
239,b6d128932004,ControlBodyPart,GAME,GAME/MISSILE.C,42,GetRandomControl,spotcam-projectile-helper,source-with-calls,no,no,no,source-backed-callsite-needs-readiness-gate
240,b6d128932004,ControlBodyPart,GAME,GAME/MISSILE.C,43,GetRandomControl,spotcam-projectile-helper,source-with-calls,no,no,no,source-backed-callsite-needs-readiness-gate
241,b6d128932004,ControlBodyPart,GAME,GAME/MISSILE.C,47,GetRandomControl,spotcam-projectile-helper,source-with-calls,no,no,no,source-backed-callsite-needs-readiness-gate
242,b6d128932004,ControlBodyPart,GAME,GAME/MISSILE.C,48,GetRandomControl,spotcam-projectile-helper,source-with-calls,no,no,no,source-backed-callsite-needs-readiness-gate
243,b6d128932004,ControlBodyPart,GAME,GAME/MISSILE.C,61,GetFloor,room-floor-helper,source-with-calls,no,no,no,source-backed-callsite-needs-readiness-gate
244,b6d128932004,ControlBodyPart,GAME,GAME/MISSILE.C,72,GetHeight,room-floor-helper,source-with-calls,no,no,no,source-backed-callsite-needs-readiness-gate
245,b6d128932004,ControlBodyPart,GAME,GAME/MISSILE.C,86,KillEffect,ambient-combat-effect-helper,source-with-calls,no,no,no,source-backed-callsite-needs-readiness-gate
246,b6d128932004,ControlBodyPart,GAME,GAME/MISSILE.C,89,SoundEffect,runtime-effect-support,source-with-calls,no,no,no,source-backed-callsite-needs-readiness-gate
247,b6d128932004,ControlBodyPart,GAME,GAME/MISSILE.C,116,KillEffect,ambient-combat-effect-helper,source-with-calls,no,no,no,source-backed-callsite-needs-readiness-gate
248,b6d128932004,ControlBodyPart,GAME,GAME/MISSILE.C,120,GetRandomControl,spotcam-projectile-helper,source-with-calls,no,no,no,source-backed-callsite-needs-readiness-gate
249,b6d128932004,ControlBodyPart,GAME,GAME/MISSILE.C,122,DoBloodSplat,ambient-combat-effect-helper,source-with-calls,no,no,no,source-backed-callsite-needs-readiness-gate
250,b6d128932004,ControlBodyPart,GAME,GAME/MISSILE.C,123,GetRandomControl,spotcam-projectile-helper,source-with-calls,no,no,no,source-backed-callsite-needs-readiness-gate
251,b6d128932004,ControlBodyPart,GAME,GAME/MISSILE.C,124,GetRandomControl,spotcam-projectile-helper,source-with-calls,no,no,no,source-backed-callsite-needs-readiness-gate
252,b6d128932004,ControlBodyPart,GAME,GAME/MISSILE.C,125,GetRandomControl,spotcam-projectile-helper,source-with-calls,no,no,no,source-backed-callsite-needs-readiness-gate
253,b6d128932004,ControlBodyPart,GAME,GAME/MISSILE.C,126,GetRandomControl,spotcam-projectile-helper,source-with-calls,no,no,no,source-backed-callsite-needs-readiness-gate
254,b6d128932004,ControlBodyPart,GAME,GAME/MISSILE.C,131,EffectNewRoom,room-floor-helper,source-with-calls,no,no,no,source-backed-callsite-needs-readiness-gate
255,b6d128932004,ControlElectricalLight,GAME,GAME/OBJLIGHT.C,106,UNIMPLEMENTED,stub-marker,stub-unimplemented,no,no,no,source-backed-callsite-needs-readiness-gate
256,b6d128932004,GunHit,GAME,GAME/PEOPLE.C,47,GetRandomControl,spotcam-projectile-helper,source-with-calls,no,no,no,source-backed-callsite-needs-readiness-gate
257,b6d128932004,GunHit,GAME,GAME/PEOPLE.C,49,DoBloodSplat,ambient-combat-effect-helper,source-with-calls,no,no,no,source-backed-callsite-needs-readiness-gate
258,b6d128932004,GunHit,GAME,GAME/PEOPLE.C,49,GetRandomControl,spotcam-projectile-helper,source-with-calls,no,no,no,source-backed-callsite-needs-readiness-gate
259,b6d128932004,GunHit,GAME,GAME/PEOPLE.C,50,SoundEffect,runtime-effect-support,source-with-calls,no,no,no,source-backed-callsite-needs-readiness-gate
260,b6d128932004,GunMiss,GAME,GAME/PEOPLE.C,29,GetRandomControl,spotcam-projectile-helper,source-with-calls,no,no,no,source-backed-callsite-needs-readiness-gate
261,b6d128932004,GunMiss,GAME,GAME/PEOPLE.C,31,GetRandomControl,spotcam-projectile-helper,source-with-calls,no,no,no,source-backed-callsite-needs-readiness-gate
262,b6d128932004,ShotLara,GAME,GAME/PEOPLE.C,21,UNIMPLEMENTED,stub-marker,stub-unimplemented,no,no,no,source-backed-callsite-needs-readiness-gate
263,b6d128932004,sgSaveGame,GAME,GAME/SAVEGAME.C,74,GetRandomControl,spotcam-projectile-helper,source-with-calls,no,no,no,source-backed-callsite-needs-readiness-gate
264,b6d128932004,CalculateSpotCams,GAME,GAME/SPOTCAM.C,681,IsRoomOutside,room-floor-helper,source-with-calls,no,no,no,source-backed-callsite-needs-readiness-gate
265,b6d128932004,CalculateSpotCams,GAME,GAME/SPOTCAM.C,691,GetFloor,room-floor-helper,source-with-calls,no,no,no,source-backed-callsite-needs-readiness-gate
266,b6d128932004,CalculateSpotCams,GAME,GAME/SPOTCAM.C,709,GetRandomControl,spotcam-projectile-helper,source-with-calls,no,no,no,source-backed-callsite-needs-readiness-gate
267,b6d128932004,CalculateSpotCams,GAME,GAME/SPOTCAM.C,710,GetRandomControl,spotcam-projectile-helper,source-with-calls,no,no,no,source-backed-callsite-needs-readiness-gate
268,b6d128932004,CalculateSpotCams,GAME,GAME/SPOTCAM.C,711,GetRandomControl,spotcam-projectile-helper,source-with-calls,no,no,no,source-backed-callsite-needs-readiness-gate
269,b6d128932004,CreateBubble,GAME,GAME/TOMB4FX.C,361,GetFloor,room-floor-helper,source-with-calls,no,no,no,source-backed-callsite-needs-readiness-gate
270,b6d128932004,CreateBubble,GAME,GAME/TOMB4FX.C,368,GetRandomControl,spotcam-projectile-helper,source-with-calls,no,no,no,source-backed-callsite-needs-readiness-gate
271,b6d128932004,CreateBubble,GAME,GAME/TOMB4FX.C,370,GetRandomControl,spotcam-projectile-helper,source-with-calls,no,no,no,source-backed-callsite-needs-readiness-gate
272,b6d128932004,CreateBubble,GAME,GAME/TOMB4FX.C,373,GetRandomControl,spotcam-projectile-helper,source-with-calls,no,no,no,source-backed-callsite-needs-readiness-gate
273,b6d128932004,ControlExplosion,GAME,GAME/TRAPS.C,656,UNIMPLEMENTED,stub-marker,stub-unimplemented,no,no,no,source-backed-callsite-needs-readiness-gate
274,b6d128932004,ControlRollingBall,GAME,GAME/TRAPS.C,478,UNIMPLEMENTED,stub-marker,stub-unimplemented,no,no,no,source-backed-callsite-needs-readiness-gate
275,b6d128932004,ControlScaledSpike,GAME,GAME/TRAPS.C,644,UNIMPLEMENTED,stub-marker,stub-unimplemented,no,no,no,source-backed-callsite-needs-readiness-gate
276,b6d128932004,DartEmitterControl,GAME,GAME/TRAPS.C,307,UNIMPLEMENTED,stub-marker,stub-unimplemented,no,no,no,source-backed-callsite-needs-readiness-gate
277,b6d128932004,DartsControl,GAME,GAME/TRAPS.C,313,UNIMPLEMENTED,stub-marker,stub-unimplemented,no,no,no,source-backed-callsite-needs-readiness-gate
278,b6d128932004,FallingBlock,GAME,GAME/TRAPS.C,269,GetRandomControl,spotcam-projectile-helper,source-with-calls,no,no,no,source-backed-callsite-needs-readiness-gate
279,b6d128932004,FallingBlock,GAME,GAME/TRAPS.C,270,GetRandomControl,spotcam-projectile-helper,source-with-calls,no,no,no,source-backed-callsite-needs-readiness-gate
280,b6d128932004,FlameControl,GAME,GAME/TRAPS.C,396,GetLaraJointPos,spotcam-projectile-helper,source-with-calls,no,no,no,source-backed-callsite-needs-readiness-gate
281,b6d128932004,FlameControl,GAME,GAME/TRAPS.C,404,TriggerFireFlame,ambient-combat-effect-helper,source-with-calls,no,no,no,source-backed-callsite-needs-readiness-gate
282,b6d128932004,FlameControl,GAME,GAME/TRAPS.C,410,GetRandomControl,spotcam-projectile-helper,source-with-calls,no,no,no,source-backed-callsite-needs-readiness-gate
283,b6d128932004,FlameControl,GAME,GAME/TRAPS.C,411,GetRandomControl,spotcam-projectile-helper,source-with-calls,no,no,no,source-backed-callsite-needs-readiness-gate
284,b6d128932004,FlameControl,GAME,GAME/TRAPS.C,415,TriggerDynamic,ambient-combat-effect-helper,source-with-calls,no,no,no,source-backed-callsite-needs-readiness-gate
285,b6d128932004,FlameControl,GAME,GAME/TRAPS.C,419,TriggerDynamic,ambient-combat-effect-helper,source-with-calls,no,no,no,source-backed-callsite-needs-readiness-gate
286,b6d128932004,FlameControl,GAME,GAME/TRAPS.C,423,TriggerDynamic,ambient-combat-effect-helper,source-with-calls,no,no,no,source-backed-callsite-needs-readiness-gate
287,b6d128932004,FlameControl,GAME,GAME/TRAPS.C,428,EffectNewRoom,room-floor-helper,source-with-calls,no,no,no,source-backed-callsite-needs-readiness-gate
288,b6d128932004,FlameControl,GAME,GAME/TRAPS.C,430,GetWaterHeight,room-floor-helper,source-with-calls,no,no,no,source-backed-callsite-needs-readiness-gate
289,b6d128932004,FlameControl,GAME,GAME/TRAPS.C,434,SoundEffect,runtime-effect-support,source-with-calls,no,no,no,source-backed-callsite-needs-readiness-gate
290,b6d128932004,FlameControl,GAME,GAME/TRAPS.C,441,KillEffect,ambient-combat-effect-helper,source-with-calls,no,no,no,source-backed-callsite-needs-readiness-gate
291,b6d128932004,FlameEmitter2Control,GAME,GAME/TRAPS.C,360,GetRandomControl,spotcam-projectile-helper,source-with-calls,no,no,no,source-backed-callsite-needs-readiness-gate
292,b6d128932004,FlameEmitter2Control,GAME,GAME/TRAPS.C,361,GetRandomControl,spotcam-projectile-helper,source-with-calls,no,no,no,source-backed-callsite-needs-readiness-gate
293,b6d128932004,FlameEmitter2Control,GAME,GAME/TRAPS.C,369,TriggerDynamic,ambient-combat-effect-helper,source-with-calls,no,no,no,source-backed-callsite-needs-readiness-gate
294,b6d128932004,FlameEmitter2Control,GAME,GAME/TRAPS.C,372,SoundEffect,runtime-effect-support,source-with-calls,no,no,no,source-backed-callsite-needs-readiness-gate
295,b6d128932004,FlameEmitter3Control,GAME,GAME/TRAPS.C,379,UNIMPLEMENTED,stub-marker,stub-unimplemented,no,no,no,source-backed-callsite-needs-readiness-gate
296,b6d128932004,FlameEmitterControl,GAME,GAME/TRAPS.C,319,UNIMPLEMENTED,stub-marker,stub-unimplemented,no,no,no,source-backed-callsite-needs-readiness-gate
